task,scorer,fit_on,test,auc,ci_lo,ci_hi,n_pos,n_neg
T1_frozen_vs_reference,phase|lr,TW:IRA,TW:IRA,0.8882,0.8708,0.905,875,523
T1_frozen_vs_reference,phase|lr,TW:IRA,TW:Iran,0.8479,0.8112,0.8847,148,523
T1_frozen_vs_reference,phase|lr,TW:IRA,TW:Venezuela,0.6335,0.5914,0.6758,223,523
T1_frozen_vs_reference,phase|lr,TW:IRA,TW:China,0.6373,0.6131,0.6636,1030,523
T1_frozen_vs_reference,phase|lr,TW:IRA,TW:GRU,0.9041,0.8325,0.9679,30,523
T1_frozen_vs_reference,phase|lr,TW:IRA,RD:IRA|matched,0.857,0.8054,0.9032,96,168
T1_frozen_vs_reference,phase|lr,TW:IRA,RD:IRA|unmatched,0.8897,0.8428,0.9287,96,643
T1_frozen_vs_reference,phase|lr,TW:Iran,TW:IRA,0.7837,0.7571,0.8072,875,523
T1_frozen_vs_reference,phase|lr,TW:Iran,TW:Iran,0.9365,0.9152,0.9587,148,523
T1_frozen_vs_reference,phase|lr,TW:Iran,TW:Venezuela,0.5743,0.5324,0.6146,223,523
T1_frozen_vs_reference,phase|lr,TW:Iran,TW:China,0.3916,0.3633,0.4205,1030,523
T1_frozen_vs_reference,phase|lr,TW:Iran,TW:GRU,0.8325,0.7276,0.9216,30,523
T1_frozen_vs_reference,phase|lr,TW:Iran,RD:IRA|matched,0.7936,0.7292,0.8461,96,168
T1_frozen_vs_reference,phase|lr,TW:Iran,RD:IRA|unmatched,0.8294,0.7703,0.8819,96,643
T1_frozen_vs_reference,phase|lr,TW:Venezuela,TW:IRA,0.4636,0.4339,0.49,875,523
T1_frozen_vs_reference,phase|lr,TW:Venezuela,TW:Iran,0.3304,0.2766,0.383,148,523
T1_frozen_vs_reference,phase|lr,TW:Venezuela,TW:Venezuela,0.8223,0.7875,0.8528,223,523
T1_frozen_vs_reference,phase|lr,TW:Venezuela,TW:China,0.2,0.1785,0.2218,1030,523
T1_frozen_vs_reference,phase|lr,TW:Venezuela,TW:GRU,0.149,0.0859,0.2072,30,523
T1_frozen_vs_reference,phase|lr,TW:Venezuela,RD:IRA|matched,0.5559,0.484,0.6317,96,168
T1_frozen_vs_reference,phase|lr,TW:Venezuela,RD:IRA|unmatched,0.5321,0.4588,0.6033,96,643
T1_frozen_vs_reference,phase|lr,TW:China,TW:IRA,0.6047,0.5736,0.6351,875,523
T1_frozen_vs_reference,phase|lr,TW:China,TW:Iran,0.7202,0.6651,0.7816,148,523
T1_frozen_vs_reference,phase|lr,TW:China,TW:Venezuela,0.2823,0.2443,0.321,223,523
T1_frozen_vs_reference,phase|lr,TW:China,TW:China,0.9314,0.9175,0.943,1030,523
T1_frozen_vs_reference,phase|lr,TW:China,TW:GRU,0.8803,0.797,0.9481,30,523
T1_frozen_vs_reference,phase|lr,TW:China,RD:IRA|matched,0.6133,0.5488,0.6846,96,168
T1_frozen_vs_reference,phase|lr,TW:China,RD:IRA|unmatched,0.6512,0.5783,0.7168,96,643
T1_frozen_vs_reference,phase|gbm,TW:IRA,TW:IRA,0.9789,0.9721,0.9845,875,523
T1_frozen_vs_reference,phase|gbm,TW:IRA,TW:Iran,0.8345,0.7999,0.8672,148,523
T1_frozen_vs_reference,phase|gbm,TW:IRA,TW:Venezuela,0.7855,0.7535,0.818,223,523
T1_frozen_vs_reference,phase|gbm,TW:IRA,TW:China,0.7213,0.6963,0.7436,1030,523
T1_frozen_vs_reference,phase|gbm,TW:IRA,TW:GRU,0.9087,0.8659,0.949,30,523
T1_frozen_vs_reference,phase|gbm,TW:IRA,RD:IRA|matched,0.9134,0.8728,0.9466,96,168
T1_frozen_vs_reference,phase|gbm,TW:IRA,RD:IRA|unmatched,0.9225,0.8867,0.952,96,643
T1_frozen_vs_reference,phase|gbm,TW:Iran,TW:IRA,0.837,0.8143,0.8571,875,523
T1_frozen_vs_reference,phase|gbm,TW:Iran,TW:Iran,0.9662,0.9522,0.9792,148,523
T1_frozen_vs_reference,phase|gbm,TW:Iran,TW:Venezuela,0.6492,0.6102,0.6872,223,523
T1_frozen_vs_reference,phase|gbm,TW:Iran,TW:China,0.8122,0.7899,0.8332,1030,523
T1_frozen_vs_reference,phase|gbm,TW:Iran,TW:GRU,0.9083,0.8527,0.9563,30,523
T1_frozen_vs_reference,phase|gbm,TW:Iran,RD:IRA|matched,0.8751,0.8281,0.9184,96,168
T1_frozen_vs_reference,phase|gbm,TW:Iran,RD:IRA|unmatched,0.9233,0.8973,0.9466,96,643
T1_frozen_vs_reference,phase|gbm,TW:Venezuela,TW:IRA,0.7111,0.6834,0.7388,875,523
T1_frozen_vs_reference,phase|gbm,TW:Venezuela,TW:Iran,0.4363,0.3801,0.4922,148,523
T1_frozen_vs_reference,phase|gbm,TW:Venezuela,TW:Venezuela,0.9424,0.9242,0.9593,223,523
T1_frozen_vs_reference,phase|gbm,TW:Venezuela,TW:China,0.7452,0.7208,0.7692,1030,523
T1_frozen_vs_reference,phase|gbm,TW:Venezuela,TW:GRU,0.392,0.2957,0.5002,30,523
T1_frozen_vs_reference,phase|gbm,TW:Venezuela,RD:IRA|matched,0.3767,0.2925,0.4543,96,168
T1_frozen_vs_reference,phase|gbm,TW:Venezuela,RD:IRA|unmatched,0.2965,0.227,0.3647,96,643
T1_frozen_vs_reference,phase|gbm,TW:China,TW:IRA,0.9065,0.8905,0.9228,875,523
T1_frozen_vs_reference,phase|gbm,TW:China,TW:Iran,0.8837,0.8538,0.9121,148,523
T1_frozen_vs_reference,phase|gbm,TW:China,TW:Venezuela,0.6704,0.6312,0.7148,223,523
T1_frozen_vs_reference,phase|gbm,TW:China,TW:China,0.981,0.9756,0.9863,1030,523
T1_frozen_vs_reference,phase|gbm,TW:China,TW:GRU,0.9462,0.9154,0.9706,30,523
T1_frozen_vs_reference,phase|gbm,TW:China,RD:IRA|matched,0.7408,0.6833,0.8029,96,168
T1_frozen_vs_reference,phase|gbm,TW:China,RD:IRA|unmatched,0.7032,0.6437,0.7583,96,643
T1_frozen_vs_reference,phase_sched|lr,TW:IRA,TW:IRA,0.9196,0.9053,0.9318,875,523
T1_frozen_vs_reference,phase_sched|lr,TW:IRA,TW:Iran,0.849,0.8089,0.8846,148,523
T1_frozen_vs_reference,phase_sched|lr,TW:IRA,TW:Venezuela,0.7346,0.6917,0.7693,223,523
T1_frozen_vs_reference,phase_sched|lr,TW:IRA,TW:China,0.7634,0.741,0.7876,1030,523
T1_frozen_vs_reference,phase_sched|lr,TW:IRA,TW:GRU,0.9262,0.8737,0.9687,30,523
T1_frozen_vs_reference,phase_sched|lr,TW:IRA,RD:IRA|matched,0.8604,0.816,0.9004,96,168
T1_frozen_vs_reference,phase_sched|lr,TW:IRA,RD:IRA|unmatched,0.8524,0.81,0.8932,96,643
T1_frozen_vs_reference,phase_sched|lr,TW:Iran,TW:IRA,0.8437,0.8208,0.8636,875,523
T1_frozen_vs_reference,phase_sched|lr,TW:Iran,TW:Iran,0.9487,0.9297,0.965,148,523
T1_frozen_vs_reference,phase_sched|lr,TW:Iran,TW:Venezuela,0.6532,0.6049,0.6971,223,523
T1_frozen_vs_reference,phase_sched|lr,TW:Iran,TW:China,0.6629,0.6366,0.6901,1030,523
T1_frozen_vs_reference,phase_sched|lr,TW:Iran,TW:GRU,0.8992,0.8271,0.9536,30,523
T1_frozen_vs_reference,phase_sched|lr,TW:Iran,RD:IRA|matched,0.8526,0.803,0.9026,96,168
T1_frozen_vs_reference,phase_sched|lr,TW:Iran,RD:IRA|unmatched,0.8718,0.8337,0.9134,96,643
T1_frozen_vs_reference,phase_sched|lr,TW:Venezuela,TW:IRA,0.5583,0.531,0.5871,875,523
T1_frozen_vs_reference,phase_sched|lr,TW:Venezuela,TW:Iran,0.3234,0.2664,0.387,148,523
T1_frozen_vs_reference,phase_sched|lr,TW:Venezuela,TW:Venezuela,0.855,0.8238,0.8851,223,523
T1_frozen_vs_reference,phase_sched|lr,TW:Venezuela,TW:China,0.4862,0.4583,0.5152,1030,523
T1_frozen_vs_reference,phase_sched|lr,TW:Venezuela,TW:GRU,0.225,0.1411,0.3112,30,523
T1_frozen_vs_reference,phase_sched|lr,TW:Venezuela,RD:IRA|matched,0.525,0.4527,0.608,96,168
T1_frozen_vs_reference,phase_sched|lr,TW:Venezuela,RD:IRA|unmatched,0.4297,0.3628,0.4969,96,643
T1_frozen_vs_reference,phase_sched|lr,TW:China,TW:IRA,0.8025,0.7782,0.8237,875,523
T1_frozen_vs_reference,phase_sched|lr,TW:China,TW:Iran,0.7901,0.7423,0.8448,148,523
T1_frozen_vs_reference,phase_sched|lr,TW:China,TW:Venezuela,0.5155,0.4729,0.5637,223,523
T1_frozen_vs_reference,phase_sched|lr,TW:China,TW:China,0.9444,0.933,0.9547,1030,523
T1_frozen_vs_reference,phase_sched|lr,TW:China,TW:GRU,0.8955,0.8081,0.9686,30,523
T1_frozen_vs_reference,phase_sched|lr,TW:China,RD:IRA|matched,0.7755,0.7186,0.8271,96,168
T1_frozen_vs_reference,phase_sched|lr,TW:China,RD:IRA|unmatched,0.8005,0.7444,0.8485,96,643
T1_frozen_vs_reference,phase_sched|gbm,TW:IRA,TW:IRA,0.9877,0.9824,0.9919,875,523
T1_frozen_vs_reference,phase_sched|gbm,TW:IRA,TW:Iran,0.8945,0.8613,0.9244,148,523
T1_frozen_vs_reference,phase_sched|gbm,TW:IRA,TW:Venezuela,0.8892,0.864,0.9085,223,523
T1_frozen_vs_reference,phase_sched|gbm,TW:IRA,TW:China,0.9079,0.8914,0.9224,1030,523
T1_frozen_vs_reference,phase_sched|gbm,TW:IRA,TW:GRU,0.942,0.908,0.9717,30,523
T1_frozen_vs_reference,phase_sched|gbm,TW:IRA,RD:IRA|matched,0.9,0.854,0.9383,96,168
T1_frozen_vs_reference,phase_sched|gbm,TW:IRA,RD:IRA|unmatched,0.9177,0.8828,0.948,96,643
T1_frozen_vs_reference,phase_sched|gbm,TW:Iran,TW:IRA,0.9168,0.9025,0.9322,875,523
T1_frozen_vs_reference,phase_sched|gbm,TW:Iran,TW:Iran,0.9737,0.961,0.9834,148,523
T1_frozen_vs_reference,phase_sched|gbm,TW:Iran,TW:Venezuela,0.7938,0.7598,0.8285,223,523
T1_frozen_vs_reference,phase_sched|gbm,TW:Iran,TW:China,0.9104,0.8935,0.9246,1030,523
T1_frozen_vs_reference,phase_sched|gbm,TW:Iran,TW:GRU,0.9738,0.9505,0.9902,30,523
T1_frozen_vs_reference,phase_sched|gbm,TW:Iran,RD:IRA|matched,0.8163,0.7595,0.8631,96,168
T1_frozen_vs_reference,phase_sched|gbm,TW:Iran,RD:IRA|unmatched,0.8875,0.854,0.9201,96,643
T1_frozen_vs_reference,phase_sched|gbm,TW:Venezuela,TW:IRA,0.858,0.8391,0.8752,875,523
T1_frozen_vs_reference,phase_sched|gbm,TW:Venezuela,TW:Iran,0.5958,0.5439,0.6568,148,523
T1_frozen_vs_reference,phase_sched|gbm,TW:Venezuela,TW:Venezuela,0.9737,0.9593,0.985,223,523
T1_frozen_vs_reference,phase_sched|gbm,TW:Venezuela,TW:China,0.9029,0.886,0.9177,1030,523
T1_frozen_vs_reference,phase_sched|gbm,TW:Venezuela,TW:GRU,0.7887,0.7054,0.8773,30,523
T1_frozen_vs_reference,phase_sched|gbm,TW:Venezuela,RD:IRA|matched,0.5659,0.4957,0.6383,96,168
T1_frozen_vs_reference,phase_sched|gbm,TW:Venezuela,RD:IRA|unmatched,0.5631,0.5023,0.6194,96,643
T1_frozen_vs_reference,phase_sched|gbm,TW:China,TW:IRA,0.9379,0.9235,0.9496,875,523
T1_frozen_vs_reference,phase_sched|gbm,TW:China,TW:Iran,0.9143,0.8916,0.9356,148,523
T1_frozen_vs_reference,phase_sched|gbm,TW:China,TW:Venezuela,0.8105,0.776,0.846,223,523
T1_frozen_vs_reference,phase_sched|gbm,TW:China,TW:China,0.9879,0.9842,0.9912,1030,523
T1_frozen_vs_reference,phase_sched|gbm,TW:China,TW:GRU,0.9467,0.9111,0.9754,30,523
T1_frozen_vs_reference,phase_sched|gbm,TW:China,RD:IRA|matched,0.7236,0.657,0.783,96,168
T1_frozen_vs_reference,phase_sched|gbm,TW:China,RD:IRA|unmatched,0.8208,0.7734,0.8673,96,643
T1_frozen_vs_reference,action|lr,TW:IRA,TW:IRA,0.9236,0.9091,0.9375,875,523
T1_frozen_vs_reference,action|lr,TW:IRA,TW:Iran,0.6924,0.6432,0.7385,148,523
T1_frozen_vs_reference,action|lr,TW:IRA,TW:Venezuela,0.7467,0.7083,0.7837,223,523
T1_frozen_vs_reference,action|lr,TW:IRA,TW:China,0.5063,0.4774,0.5325,1030,523
T1_frozen_vs_reference,action|lr,TW:IRA,TW:GRU,0.9233,0.845,0.9876,30,523
T1_frozen_vs_reference,action|lr,TW:IRA,RD:IRA|matched,0.9439,0.9188,0.9686,96,168
T1_frozen_vs_reference,action|lr,TW:IRA,RD:IRA|unmatched,0.9734,0.9604,0.9852,96,643
T1_frozen_vs_reference,action|lr,TW:Iran,TW:IRA,0.8596,0.8395,0.8787,875,523
T1_frozen_vs_reference,action|lr,TW:Iran,TW:Iran,0.6192,0.5605,0.6745,148,523
T1_frozen_vs_reference,action|lr,TW:Iran,TW:Venezuela,0.6781,0.6354,0.7177,223,523
T1_frozen_vs_reference,action|lr,TW:Iran,TW:China,0.4926,0.4644,0.5242,1030,523
T1_frozen_vs_reference,action|lr,TW:Iran,TW:GRU,0.9363,0.8474,0.9913,30,523
T1_frozen_vs_reference,action|lr,TW:Iran,RD:IRA|matched,0.9439,0.9141,0.9663,96,168
T1_frozen_vs_reference,action|lr,TW:Iran,RD:IRA|unmatched,0.9734,0.9593,0.9849,96,643
T1_frozen_vs_reference,action|lr,TW:Venezuela,TW:IRA,0.9015,0.8872,0.9161,875,523
T1_frozen_vs_reference,action|lr,TW:Venezuela,TW:Iran,0.6605,0.6064,0.7196,148,523
T1_frozen_vs_reference,action|lr,TW:Venezuela,TW:Venezuela,0.7257,0.6848,0.7669,223,523
T1_frozen_vs_reference,action|lr,TW:Venezuela,TW:China,0.4948,0.4659,0.5228,1030,523
T1_frozen_vs_reference,action|lr,TW:Venezuela,TW:GRU,0.9328,0.8384,0.9899,30,523
T1_frozen_vs_reference,action|lr,TW:Venezuela,RD:IRA|matched,0.9439,0.9178,0.9674,96,168
T1_frozen_vs_reference,action|lr,TW:Venezuela,RD:IRA|unmatched,0.9734,0.9602,0.9852,96,643
T1_frozen_vs_reference,action|lr,TW:China,TW:IRA,0.7531,0.7298,0.7783,875,523
T1_frozen_vs_reference,action|lr,TW:China,TW:Iran,0.557,0.4986,0.6202,148,523
T1_frozen_vs_reference,action|lr,TW:China,TW:Venezuela,0.5934,0.5474,0.6388,223,523
T1_frozen_vs_reference,action|lr,TW:China,TW:China,0.6746,0.6474,0.7007,1030,523
T1_frozen_vs_reference,action|lr,TW:China,TW:GRU,0.9407,0.8846,0.977,30,523
T1_frozen_vs_reference,action|lr,TW:China,RD:IRA|matched,0.0561,0.0322,0.0846,96,168
T1_frozen_vs_reference,action|lr,TW:China,RD:IRA|unmatched,0.0266,0.0149,0.0413,96,643
T1_frozen_vs_reference,action|gbm,TW:IRA,TW:IRA,0.9561,0.946,0.9657,875,523
T1_frozen_vs_reference,action|gbm,TW:IRA,TW:Iran,0.7206,0.6634,0.7648,148,523
T1_frozen_vs_reference,action|gbm,TW:IRA,TW:Venezuela,0.7647,0.7262,0.8069,223,523
T1_frozen_vs_reference,action|gbm,TW:IRA,TW:China,0.5718,0.544,0.6008,1030,523
T1_frozen_vs_reference,action|gbm,TW:IRA,TW:GRU,0.9492,0.9029,0.9824,30,523
T1_frozen_vs_reference,action|gbm,TW:IRA,RD:IRA|matched,0.8398,0.792,0.8895,96,168
T1_frozen_vs_reference,action|gbm,TW:IRA,RD:IRA|unmatched,0.8888,0.8496,0.922,96,643
T1_frozen_vs_reference,action|gbm,TW:Iran,TW:IRA,0.907,0.8919,0.9205,875,523
T1_frozen_vs_reference,action|gbm,TW:Iran,TW:Iran,0.8037,0.7631,0.8444,148,523
T1_frozen_vs_reference,action|gbm,TW:Iran,TW:Venezuela,0.7374,0.6979,0.7756,223,523
T1_frozen_vs_reference,action|gbm,TW:Iran,TW:China,0.638,0.6106,0.6643,1030,523
T1_frozen_vs_reference,action|gbm,TW:Iran,TW:GRU,0.8773,0.7925,0.948,30,523
T1_frozen_vs_reference,action|gbm,TW:Iran,RD:IRA|matched,0.4525,0.3819,0.5269,96,168
T1_frozen_vs_reference,action|gbm,TW:Iran,RD:IRA|unmatched,0.5109,0.4601,0.5662,96,643
T1_frozen_vs_reference,action|gbm,TW:Venezuela,TW:IRA,0.9288,0.9158,0.9429,875,523
T1_frozen_vs_reference,action|gbm,TW:Venezuela,TW:Iran,0.7257,0.6747,0.7744,148,523
T1_frozen_vs_reference,action|gbm,TW:Venezuela,TW:Venezuela,0.7847,0.7448,0.8255,223,523
T1_frozen_vs_reference,action|gbm,TW:Venezuela,TW:China,0.6211,0.5948,0.6511,1030,523
T1_frozen_vs_reference,action|gbm,TW:Venezuela,TW:GRU,0.9167,0.8541,0.9606,30,523
T1_frozen_vs_reference,action|gbm,TW:Venezuela,RD:IRA|matched,0.5694,0.4961,0.6383,96,168
T1_frozen_vs_reference,action|gbm,TW:Venezuela,RD:IRA|unmatched,0.5248,0.4647,0.5789,96,643
T1_frozen_vs_reference,action|gbm,TW:China,TW:IRA,0.8529,0.8348,0.8711,875,523
T1_frozen_vs_reference,action|gbm,TW:China,TW:Iran,0.7012,0.6422,0.7516,148,523
T1_frozen_vs_reference,action|gbm,TW:China,TW:Venezuela,0.7103,0.666,0.7566,223,523
T1_frozen_vs_reference,action|gbm,TW:China,TW:China,0.8028,0.7836,0.8237,1030,523
T1_frozen_vs_reference,action|gbm,TW:China,TW:GRU,0.9245,0.8612,0.9754,30,523
T1_frozen_vs_reference,action|gbm,TW:China,RD:IRA|matched,0.7916,0.73,0.85,96,168
T1_frozen_vs_reference,action|gbm,TW:China,RD:IRA|unmatched,0.8277,0.7671,0.8803,96,643
T1_frozen_vs_reference,policy|llr,TW:IRA,TW:IRA,0.9976,0.9956,0.9991,875,523
T1_frozen_vs_reference,policy|llr,TW:IRA,TW:Iran,0.9701,0.9516,0.9835,148,523
T1_frozen_vs_reference,policy|llr,TW:IRA,TW:Venezuela,0.9925,0.9862,0.9974,223,523
T1_frozen_vs_reference,policy|llr,TW:IRA,TW:China,0.9987,0.9971,0.9998,1030,523
T1_frozen_vs_reference,policy|llr,TW:IRA,TW:GRU,0.9957,0.9907,0.9987,30,523
T1_frozen_vs_reference,policy|llr,TW:IRA,RD:IRA|matched,0.6306,0.5603,0.7051,96,168
T1_frozen_vs_reference,policy|llr,TW:IRA,RD:IRA|unmatched,0.4776,0.4033,0.5448,96,643
T1_frozen_vs_reference,policy|llr,TW:Iran,TW:IRA,0.9874,0.9834,0.991,875,523
T1_frozen_vs_reference,policy|llr,TW:Iran,TW:Iran,0.9784,0.9621,0.9906,148,523
T1_frozen_vs_reference,policy|llr,TW:Iran,TW:Venezuela,0.9841,0.9712,0.9947,223,523
T1_frozen_vs_reference,policy|llr,TW:Iran,TW:China,0.9962,0.9932,0.9985,1030,523
T1_frozen_vs_reference,policy|llr,TW:Iran,TW:GRU,0.9612,0.9108,0.9943,30,523
T1_frozen_vs_reference,policy|llr,TW:Iran,RD:IRA|matched,0.8524,0.8071,0.8973,96,168
T1_frozen_vs_reference,policy|llr,TW:Iran,RD:IRA|unmatched,0.7515,0.7056,0.7949,96,643
T1_frozen_vs_reference,policy|llr,TW:Venezuela,TW:IRA,0.9975,0.9958,0.999,875,523
T1_frozen_vs_reference,policy|llr,TW:Venezuela,TW:Iran,0.983,0.9733,0.9901,148,523
T1_frozen_vs_reference,policy|llr,TW:Venezuela,TW:Venezuela,0.993,0.9834,0.9994,223,523
T1_frozen_vs_reference,policy|llr,TW:Venezuela,TW:China,0.9993,0.9984,0.9999,1030,523
T1_frozen_vs_reference,policy|llr,TW:Venezuela,TW:GRU,0.9902,0.9741,0.999,30,523
T1_frozen_vs_reference,policy|llr,TW:Venezuela,RD:IRA|matched,0.6953,0.6283,0.7671,96,168
T1_frozen_vs_reference,policy|llr,TW:Venezuela,RD:IRA|unmatched,0.5433,0.4783,0.6116,96,643
T1_frozen_vs_reference,policy|llr,TW:China,TW:IRA,0.9969,0.9945,0.9986,875,523
T1_frozen_vs_reference,policy|llr,TW:China,TW:Iran,0.9797,0.9669,0.9903,148,523
T1_frozen_vs_reference,policy|llr,TW:China,TW:Venezuela,0.9945,0.9889,0.9987,223,523
T1_frozen_vs_reference,policy|llr,TW:China,TW:China,0.9994,0.9984,1.0,1030,523
T1_frozen_vs_reference,policy|llr,TW:China,TW:GRU,0.9968,0.9924,0.9994,30,523
T1_frozen_vs_reference,policy|llr,TW:China,RD:IRA|matched,0.6391,0.5606,0.7124,96,168
T1_frozen_vs_reference,policy|llr,TW:China,RD:IRA|unmatched,0.4819,0.4139,0.549,96,643
T2_frozen_specificity,phase|lr,TW:IRA,TW:Iran,0.517,0.4564,0.5725,875,148
T2_frozen_specificity,phase|lr,TW:IRA,TW:Venezuela,0.8586,0.8343,0.8845,875,223
T2_frozen_specificity,phase|lr,TW:IRA,TW:China,0.6645,0.6403,0.6891,875,1030
T2_frozen_specificity,phase|lr,TW:IRA,TW:GRU,0.3182,0.1846,0.4508,875,30
T2_frozen_specificity,phase|lr,TW:Iran,TW:IRA,0.8197,0.7829,0.8553,148,875
T2_frozen_specificity,phase|lr,TW:Iran,TW:Venezuela,0.9416,0.9117,0.964,148,223
T2_frozen_specificity,phase|lr,TW:Iran,TW:China,0.8748,0.8518,0.8961,148,1030
T2_frozen_specificity,phase|lr,TW:Iran,TW:GRU,0.5243,0.399,0.6524,148,30
T2_frozen_specificity,phase|lr,TW:Venezuela,TW:IRA,0.8029,0.7729,0.8335,223,875
T2_frozen_specificity,phase|lr,TW:Venezuela,TW:Iran,0.8815,0.8455,0.9164,223,148
T2_frozen_specificity,phase|lr,TW:Venezuela,TW:China,0.9222,0.9073,0.937,223,1030
T2_frozen_specificity,phase|lr,TW:Venezuela,TW:GRU,0.9747,0.9549,0.9898,223,30
T2_frozen_specificity,phase|lr,TW:China,TW:IRA,0.9091,0.8943,0.9229,1030,875
T2_frozen_specificity,phase|lr,TW:China,TW:Iran,0.8325,0.8065,0.8595,1030,148
T2_frozen_specificity,phase|lr,TW:China,TW:Venezuela,0.9672,0.9585,0.9746,1030,223
T2_frozen_specificity,phase|lr,TW:China,TW:GRU,0.7572,0.6891,0.8069,1030,30
T2_frozen_specificity,phase|gbm,TW:IRA,TW:Iran,0.8463,0.806,0.8862,875,148
T2_frozen_specificity,phase|gbm,TW:IRA,TW:Venezuela,0.9075,0.8862,0.9297,875,223
T2_frozen_specificity,phase|gbm,TW:IRA,TW:China,0.8946,0.8801,0.9072,875,1030
T2_frozen_specificity,phase|gbm,TW:IRA,TW:GRU,0.8056,0.729,0.8785,875,30
T2_frozen_specificity,phase|gbm,TW:Iran,TW:IRA,0.8162,0.7803,0.8493,148,875
T2_frozen_specificity,phase|gbm,TW:Iran,TW:Venezuela,0.9337,0.9065,0.9561,148,223
T2_frozen_specificity,phase|gbm,TW:Iran,TW:China,0.8317,0.7941,0.8639,148,1030
T2_frozen_specificity,phase|gbm,TW:Iran,TW:GRU,0.6176,0.4857,0.734,148,30
T2_frozen_specificity,phase|gbm,TW:Venezuela,TW:IRA,0.8626,0.8308,0.8928,223,875
T2_frozen_specificity,phase|gbm,TW:Venezuela,TW:Iran,0.9471,0.9213,0.9671,223,148
T2_frozen_specificity,phase|gbm,TW:Venezuela,TW:China,0.831,0.8002,0.8625,223,1030
T2_frozen_specificity,phase|gbm,TW:Venezuela,TW:GRU,0.9701,0.9499,0.9864,223,30
T2_frozen_specificity,phase|gbm,TW:China,TW:IRA,0.8974,0.8803,0.9136,1030,875
T2_frozen_specificity,phase|gbm,TW:China,TW:Iran,0.8793,0.8581,0.9005,1030,148
T2_frozen_specificity,phase|gbm,TW:China,TW:Venezuela,0.9558,0.9457,0.9651,1030,223
T2_frozen_specificity,phase|gbm,TW:China,TW:GRU,0.8204,0.7642,0.871,1030,30
T2_frozen_specificity,phase_sched|lr,TW:IRA,TW:Iran,0.6233,0.5763,0.6672,875,148
T2_frozen_specificity,phase_sched|lr,TW:IRA,TW:Venezuela,0.7342,0.6953,0.7766,875,223
T2_frozen_specificity,phase_sched|lr,TW:IRA,TW:China,0.5497,0.5249,0.5791,875,1030
T2_frozen_specificity,phase_sched|lr,TW:IRA,TW:GRU,0.3661,0.2443,0.4974,875,30
T2_frozen_specificity,phase_sched|lr,TW:Iran,TW:IRA,0.7224,0.6842,0.7633,148,875
T2_frozen_specificity,phase_sched|lr,TW:Iran,TW:Venezuela,0.8557,0.8197,0.8897,148,223
T2_frozen_specificity,phase_sched|lr,TW:Iran,TW:China,0.7072,0.6759,0.7354,148,1030
T2_frozen_specificity,phase_sched|lr,TW:Iran,TW:GRU,0.4619,0.337,0.5927,148,30
T2_frozen_specificity,phase_sched|lr,TW:Venezuela,TW:IRA,0.7723,0.7376,0.8012,223,875
T2_frozen_specificity,phase_sched|lr,TW:Venezuela,TW:Iran,0.9046,0.8693,0.9349,223,148
T2_frozen_specificity,phase_sched|lr,TW:Venezuela,TW:China,0.7626,0.7326,0.7885,223,1030
T2_frozen_specificity,phase_sched|lr,TW:Venezuela,TW:GRU,0.9393,0.8783,0.9822,223,30
T2_frozen_specificity,phase_sched|lr,TW:China,TW:IRA,0.8524,0.8339,0.8699,1030,875
T2_frozen_specificity,phase_sched|lr,TW:China,TW:Iran,0.8184,0.7887,0.8453,1030,148
T2_frozen_specificity,phase_sched|lr,TW:China,TW:Venezuela,0.9427,0.9311,0.9535,1030,223
T2_frozen_specificity,phase_sched|lr,TW:China,TW:GRU,0.7052,0.6359,0.7775,1030,30
T2_frozen_specificity,phase_sched|gbm,TW:IRA,TW:Iran,0.8553,0.8189,0.8874,875,148
T2_frozen_specificity,phase_sched|gbm,TW:IRA,TW:Venezuela,0.8461,0.8152,0.8733,875,223
T2_frozen_specificity,phase_sched|gbm,TW:IRA,TW:China,0.8167,0.7967,0.8344,875,1030
T2_frozen_specificity,phase_sched|gbm,TW:IRA,TW:GRU,0.772,0.6935,0.8446,875,30
T2_frozen_specificity,phase_sched|gbm,TW:Iran,TW:IRA,0.7521,0.7057,0.7929,148,875
T2_frozen_specificity,phase_sched|gbm,TW:Iran,TW:Venezuela,0.8747,0.8357,0.9069,148,223
T2_frozen_specificity,phase_sched|gbm,TW:Iran,TW:China,0.7769,0.7354,0.8187,148,1030
T2_frozen_specificity,phase_sched|gbm,TW:Iran,TW:GRU,0.5273,0.4144,0.6402,148,30
T2_frozen_specificity,phase_sched|gbm,TW:Venezuela,TW:IRA,0.7599,0.7273,0.7914,223,875
T2_frozen_specificity,phase_sched|gbm,TW:Venezuela,TW:Iran,0.9088,0.8758,0.939,223,148
T2_frozen_specificity,phase_sched|gbm,TW:Venezuela,TW:China,0.7512,0.7181,0.7833,223,1030
T2_frozen_specificity,phase_sched|gbm,TW:Venezuela,TW:GRU,0.8834,0.82,0.9345,223,30
T2_frozen_specificity,phase_sched|gbm,TW:China,TW:IRA,0.8658,0.8497,0.8835,1030,875
T2_frozen_specificity,phase_sched|gbm,TW:China,TW:Iran,0.89,0.8724,0.9106,1030,148
T2_frozen_specificity,phase_sched|gbm,TW:China,TW:Venezuela,0.935,0.9214,0.9483,1030,223
T2_frozen_specificity,phase_sched|gbm,TW:China,TW:GRU,0.8324,0.7853,0.8758,1030,30
T2_frozen_specificity,action|lr,TW:IRA,TW:Iran,0.747,0.701,0.792,875,148
T2_frozen_specificity,action|lr,TW:IRA,TW:Venezuela,0.7325,0.6976,0.7685,875,223
T2_frozen_specificity,action|lr,TW:IRA,TW:China,0.8074,0.7884,0.8268,875,1030
T2_frozen_specificity,action|lr,TW:IRA,TW:GRU,0.4958,0.4215,0.5741,875,30
T2_frozen_specificity,action|lr,TW:Iran,TW:IRA,0.2775,0.2304,0.3317,148,875
T2_frozen_specificity,action|lr,TW:Iran,TW:Venezuela,0.4661,0.4134,0.5221,148,223
T2_frozen_specificity,action|lr,TW:Iran,TW:China,0.604,0.5642,0.6448,148,1030
T2_frozen_specificity,action|lr,TW:Iran,TW:GRU,0.2209,0.1514,0.3032,148,30
T2_frozen_specificity,action|lr,TW:Venezuela,TW:IRA,0.2749,0.2418,0.3119,223,875
T2_frozen_specificity,action|lr,TW:Venezuela,TW:Iran,0.5477,0.4922,0.609,223,148
T2_frozen_specificity,action|lr,TW:Venezuela,TW:China,0.6498,0.6173,0.6822,223,1030
T2_frozen_specificity,action|lr,TW:Venezuela,TW:GRU,0.2277,0.1501,0.3158,223,30
T2_frozen_specificity,action|lr,TW:China,TW:IRA,0.3845,0.3575,0.4122,1030,875
T2_frozen_specificity,action|lr,TW:China,TW:Iran,0.5735,0.5201,0.633,1030,148
T2_frozen_specificity,action|lr,TW:China,TW:Venezuela,0.5676,0.5222,0.6102,1030,223
T2_frozen_specificity,action|lr,TW:China,TW:GRU,0.2129,0.1561,0.2883,1030,30
T2_frozen_specificity,action|gbm,TW:IRA,TW:Iran,0.7637,0.7112,0.8173,875,148
T2_frozen_specificity,action|gbm,TW:IRA,TW:Venezuela,0.7191,0.6711,0.7667,875,223
T2_frozen_specificity,action|gbm,TW:IRA,TW:China,0.8123,0.7917,0.8314,875,1030
T2_frozen_specificity,action|gbm,TW:IRA,TW:GRU,0.5365,0.4317,0.6289,875,30
T2_frozen_specificity,action|gbm,TW:Iran,TW:IRA,0.3358,0.2831,0.3849,148,875
T2_frozen_specificity,action|gbm,TW:Iran,TW:Venezuela,0.5567,0.4937,0.6133,148,223
T2_frozen_specificity,action|gbm,TW:Iran,TW:China,0.6311,0.593,0.6731,148,1030
T2_frozen_specificity,action|gbm,TW:Iran,TW:GRU,0.3581,0.2413,0.4651,148,30
T2_frozen_specificity,action|gbm,TW:Venezuela,TW:IRA,0.3659,0.3189,0.414,223,875
T2_frozen_specificity,action|gbm,TW:Venezuela,TW:Iran,0.577,0.5167,0.6359,223,148
T2_frozen_specificity,action|gbm,TW:Venezuela,TW:China,0.6523,0.6121,0.6907,223,1030
T2_frozen_specificity,action|gbm,TW:Venezuela,TW:GRU,0.4021,0.3236,0.4785,223,30
T2_frozen_specificity,action|gbm,TW:China,TW:IRA,0.383,0.3562,0.4089,1030,875
T2_frozen_specificity,action|gbm,TW:China,TW:Iran,0.5895,0.5359,0.6406,1030,148
T2_frozen_specificity,action|gbm,TW:China,TW:Venezuela,0.5728,0.5298,0.6169,1030,223
T2_frozen_specificity,action|gbm,TW:China,TW:GRU,0.2865,0.1923,0.3841,1030,30
T2_frozen_specificity,policy|llr,TW:IRA,TW:Iran,0.794,0.7564,0.8373,875,148
T2_frozen_specificity,policy|llr,TW:IRA,TW:Venezuela,0.8034,0.7645,0.8357,875,223
T2_frozen_specificity,policy|llr,TW:IRA,TW:China,0.6417,0.6168,0.666,875,1030
T2_frozen_specificity,policy|llr,TW:IRA,TW:GRU,0.7938,0.7246,0.8678,875,30
T2_frozen_specificity,policy|llr,TW:Iran,TW:IRA,0.2926,0.2554,0.3329,148,875
T2_frozen_specificity,policy|llr,TW:Iran,TW:Venezuela,0.4986,0.4368,0.5618,148,223
T2_frozen_specificity,policy|llr,TW:Iran,TW:China,0.307,0.2616,0.3569,148,1030
T2_frozen_specificity,policy|llr,TW:Iran,TW:GRU,0.4725,0.3619,0.575,148,30
T2_frozen_specificity,policy|llr,TW:Venezuela,TW:IRA,0.2435,0.2122,0.2756,223,875
T2_frozen_specificity,policy|llr,TW:Venezuela,TW:Iran,0.5595,0.4932,0.628,223,148
T2_frozen_specificity,policy|llr,TW:Venezuela,TW:China,0.303,0.2653,0.3429,223,1030
T2_frozen_specificity,policy|llr,TW:Venezuela,TW:GRU,0.5015,0.3995,0.619,223,30
T2_frozen_specificity,policy|llr,TW:China,TW:IRA,0.4304,0.4029,0.4562,1030,875
T2_frozen_specificity,policy|llr,TW:China,TW:Iran,0.7381,0.6855,0.7851,1030,148
T2_frozen_specificity,policy|llr,TW:China,TW:Venezuela,0.7509,0.7135,0.792,1030,223
T2_frozen_specificity,policy|llr,TW:China,TW:GRU,0.7419,0.6481,0.8241,1030,30
T3_supervised_pairwise,phase|lr,TW:IRA,TW:Iran,0.9084,0.8711,0.9364,875,148
T3_supervised_pairwise,phase|lr,TW:IRA,TW:Venezuela,0.9238,0.9046,0.9424,875,223
T3_supervised_pairwise,phase|lr,TW:IRA,TW:China,0.9581,0.9493,0.9659,875,1030
T3_supervised_pairwise,phase|lr,TW:Iran,TW:IRA,0.9084,0.8807,0.9346,148,875
T3_supervised_pairwise,phase|lr,TW:Iran,TW:Venezuela,0.9587,0.9306,0.9811,148,223
T3_supervised_pairwise,phase|lr,TW:Iran,TW:China,0.968,0.9544,0.9805,148,1030
T3_supervised_pairwise,phase|lr,TW:Venezuela,TW:IRA,0.9238,0.9031,0.9421,223,875
T3_supervised_pairwise,phase|lr,TW:Venezuela,TW:Iran,0.9587,0.9282,0.9819,223,148
T3_supervised_pairwise,phase|lr,TW:Venezuela,TW:China,0.9703,0.961,0.9778,223,1030
T3_supervised_pairwise,phase|lr,TW:China,TW:IRA,0.9581,0.9491,0.9666,1030,875
T3_supervised_pairwise,phase|lr,TW:China,TW:Iran,0.968,0.9522,0.9805,1030,148
T3_supervised_pairwise,phase|lr,TW:China,TW:Venezuela,0.9703,0.9616,0.9782,1030,223
T3_supervised_pairwise,phase|gbm,TW:IRA,TW:Iran,0.9501,0.9288,0.9686,875,148
T3_supervised_pairwise,phase|gbm,TW:IRA,TW:Venezuela,0.9745,0.962,0.9857,875,223
T3_supervised_pairwise,phase|gbm,TW:IRA,TW:China,0.983,0.9771,0.9875,875,1030
T3_supervised_pairwise,phase|gbm,TW:Iran,TW:IRA,0.9501,0.9299,0.9682,148,875
T3_supervised_pairwise,phase|gbm,TW:Iran,TW:Venezuela,0.9964,0.9934,0.9989,148,223
T3_supervised_pairwise,phase|gbm,TW:Iran,TW:China,0.9813,0.9701,0.9896,148,1030
T3_supervised_pairwise,phase|gbm,TW:Venezuela,TW:IRA,0.9745,0.9605,0.9853,223,875
T3_supervised_pairwise,phase|gbm,TW:Venezuela,TW:Iran,0.9964,0.9927,0.9989,223,148
T3_supervised_pairwise,phase|gbm,TW:Venezuela,TW:China,0.9852,0.9802,0.9898,223,1030
T3_supervised_pairwise,phase|gbm,TW:China,TW:IRA,0.983,0.9784,0.9879,1030,875
T3_supervised_pairwise,phase|gbm,TW:China,TW:Iran,0.9813,0.9695,0.9896,1030,148
T3_supervised_pairwise,phase|gbm,TW:China,TW:Venezuela,0.9852,0.9799,0.9901,1030,223
T3_supervised_pairwise,phase_sched|lr,TW:IRA,TW:Iran,0.9149,0.883,0.9453,875,148
T3_supervised_pairwise,phase_sched|lr,TW:IRA,TW:Venezuela,0.9413,0.9244,0.9577,875,223
T3_supervised_pairwise,phase_sched|lr,TW:IRA,TW:China,0.9584,0.9488,0.9671,875,1030
T3_supervised_pairwise,phase_sched|lr,TW:Iran,TW:IRA,0.9149,0.88,0.9433,148,875
T3_supervised_pairwise,phase_sched|lr,TW:Iran,TW:Venezuela,0.9658,0.9412,0.9871,148,223
T3_supervised_pairwise,phase_sched|lr,TW:Iran,TW:China,0.9728,0.9617,0.9838,148,1030
T3_supervised_pairwise,phase_sched|lr,TW:Venezuela,TW:IRA,0.9413,0.923,0.9576,223,875
T3_supervised_pairwise,phase_sched|lr,TW:Venezuela,TW:Iran,0.9658,0.9427,0.9862,223,148
T3_supervised_pairwise,phase_sched|lr,TW:Venezuela,TW:China,0.9745,0.966,0.9817,223,1030
T3_supervised_pairwise,phase_sched|lr,TW:China,TW:IRA,0.9584,0.9497,0.9672,1030,875
T3_supervised_pairwise,phase_sched|lr,TW:China,TW:Iran,0.9728,0.9592,0.9831,1030,148
T3_supervised_pairwise,phase_sched|lr,TW:China,TW:Venezuela,0.9745,0.9671,0.9819,1030,223
T3_supervised_pairwise,phase_sched|gbm,TW:IRA,TW:Iran,0.9634,0.948,0.9784,875,148
T3_supervised_pairwise,phase_sched|gbm,TW:IRA,TW:Venezuela,0.9793,0.9678,0.9871,875,223
T3_supervised_pairwise,phase_sched|gbm,TW:IRA,TW:China,0.9853,0.98,0.9894,875,1030
T3_supervised_pairwise,phase_sched|gbm,TW:Iran,TW:IRA,0.9634,0.9449,0.9778,148,875
T3_supervised_pairwise,phase_sched|gbm,TW:Iran,TW:Venezuela,0.9958,0.9916,0.9991,148,223
T3_supervised_pairwise,phase_sched|gbm,TW:Iran,TW:China,0.9854,0.978,0.9919,148,1030
T3_supervised_pairwise,phase_sched|gbm,TW:Venezuela,TW:IRA,0.9793,0.9677,0.9877,223,875
T3_supervised_pairwise,phase_sched|gbm,TW:Venezuela,TW:Iran,0.9958,0.9912,0.9991,223,148
T3_supervised_pairwise,phase_sched|gbm,TW:Venezuela,TW:China,0.987,0.9822,0.9914,223,1030
T3_supervised_pairwise,phase_sched|gbm,TW:China,TW:IRA,0.9853,0.9806,0.9895,1030,875
T3_supervised_pairwise,phase_sched|gbm,TW:China,TW:Iran,0.9854,0.9768,0.9912,1030,148
T3_supervised_pairwise,phase_sched|gbm,TW:China,TW:Venezuela,0.987,0.9818,0.9913,1030,223
T3_supervised_pairwise,action|lr,TW:IRA,TW:Iran,0.748,0.7009,0.7945,875,148
T3_supervised_pairwise,action|lr,TW:IRA,TW:Venezuela,0.7311,0.6957,0.7685,875,223
T3_supervised_pairwise,action|lr,TW:IRA,TW:China,0.8182,0.7988,0.836,875,1030
T3_supervised_pairwise,action|lr,TW:Iran,TW:IRA,0.748,0.7004,0.796,148,875
T3_supervised_pairwise,action|lr,TW:Iran,TW:Venezuela,0.5425,0.4795,0.5993,148,223
T3_supervised_pairwise,action|lr,TW:Iran,TW:China,0.6858,0.6377,0.7297,148,1030
T3_supervised_pairwise,action|lr,TW:Venezuela,TW:IRA,0.7311,0.6921,0.7652,223,875
T3_supervised_pairwise,action|lr,TW:Venezuela,TW:Iran,0.5425,0.4773,0.6045,223,148
T3_supervised_pairwise,action|lr,TW:Venezuela,TW:China,0.6858,0.6532,0.7182,223,1030
T3_supervised_pairwise,action|lr,TW:China,TW:IRA,0.8182,0.799,0.8381,1030,875
T3_supervised_pairwise,action|lr,TW:China,TW:Iran,0.6858,0.64,0.7273,1030,148
T3_supervised_pairwise,action|lr,TW:China,TW:Venezuela,0.6858,0.6491,0.7188,1030,223
T3_supervised_pairwise,action|gbm,TW:IRA,TW:Iran,0.8149,0.7723,0.8575,875,148
T3_supervised_pairwise,action|gbm,TW:IRA,TW:Venezuela,0.8117,0.7831,0.8384,875,223
T3_supervised_pairwise,action|gbm,TW:IRA,TW:China,0.8757,0.86,0.8907,875,1030
T3_supervised_pairwise,action|gbm,TW:Iran,TW:IRA,0.8149,0.7733,0.8552,148,875
T3_supervised_pairwise,action|gbm,TW:Iran,TW:Venezuela,0.7208,0.6716,0.7702,148,223
T3_supervised_pairwise,action|gbm,TW:Iran,TW:China,0.7541,0.7171,0.7908,148,1030
T3_supervised_pairwise,action|gbm,TW:Venezuela,TW:IRA,0.8117,0.7837,0.8458,223,875
T3_supervised_pairwise,action|gbm,TW:Venezuela,TW:Iran,0.7208,0.6729,0.768,223,148
T3_supervised_pairwise,action|gbm,TW:Venezuela,TW:China,0.7743,0.7411,0.8054,223,1030
T3_supervised_pairwise,action|gbm,TW:China,TW:IRA,0.8757,0.8603,0.8903,1030,875
T3_supervised_pairwise,action|gbm,TW:China,TW:Iran,0.7541,0.7142,0.7942,1030,148
T3_supervised_pairwise,action|gbm,TW:China,TW:Venezuela,0.7743,0.7417,0.8064,1030,223
T3_supervised_pairwise,policy|llr,TW:IRA,TW:Iran,0.8374,0.7992,0.8757,875,148
T3_supervised_pairwise,policy|llr,TW:IRA,TW:Venezuela,0.9788,0.9689,0.9872,875,223
T3_supervised_pairwise,policy|llr,TW:IRA,TW:China,0.9775,0.9718,0.9828,875,1030
T3_supervised_pairwise,policy|llr,TW:Iran,TW:IRA,0.8374,0.7982,0.8734,148,875
T3_supervised_pairwise,policy|llr,TW:Iran,TW:Venezuela,0.8031,0.7582,0.8462,148,223
T3_supervised_pairwise,policy|llr,TW:Iran,TW:China,0.8749,0.844,0.9038,148,1030
T3_supervised_pairwise,policy|llr,TW:Venezuela,TW:IRA,0.9788,0.9687,0.9878,223,875
T3_supervised_pairwise,policy|llr,TW:Venezuela,TW:Iran,0.8031,0.7543,0.8523,223,148
T3_supervised_pairwise,policy|llr,TW:Venezuela,TW:China,0.9658,0.9557,0.9747,223,1030
T3_supervised_pairwise,policy|llr,TW:China,TW:IRA,0.9775,0.9722,0.9828,1030,875
T3_supervised_pairwise,policy|llr,TW:China,TW:Iran,0.8749,0.841,0.9047,1030,148
T3_supervised_pairwise,policy|llr,TW:China,TW:Venezuela,0.9658,0.9557,0.975,1030,223
